CCDRReportID,Program Name,Task Name,Report Name,Report As Of Date,Element Code,WBS Name,General Remarks,Progress Curve Remarks
12345,Cerberus Vehicle,Cerberus LRIP,Option 1 Report,2019-08-05,,Total Report,Here is a note from option 1.,
12345,Cerberus Vehicle,Cerberus LRIP,Option 1 Report,2019-08-05,1,,Here is a note from option 1 on a WBS.,
12345,Cerberus Vehicle,Cerberus LRIP,Option 1 Report,2019-08-05,1.1,,,
12345,Cerberus Vehicle,Cerberus LRIP,Option 1 Report,2019-08-05,1.1.1,,,
12345,Cerberus Vehicle,Cerberus LRIP,Option 1 Report,2019-08-05,1.1.1.1,,,
12345,Cerberus Vehicle,Cerberus LRIP,Option 1 Report,2019-08-05,1.1.1.1.1,,,
12345,Cerberus Vehicle,Cerberus LRIP,Option 1 Report,2019-08-05,1.1.1.1.1.1,,,
12345,Cerberus Vehicle,Cerberus LRIP,Option 1 Report,2019-08-05,1.1.1.1.1.1.1,,,
12345,Cerberus Vehicle,Cerberus LRIP,Option 1 Report,2019-08-05,1.1.1.1.1.1.10,,,
12345,Cerberus Vehicle,Cerberus LRIP,Option 1 Report,2019-08-05,1.1.1.1.1.1.11,,,
12345,Cerberus Vehicle,Cerberus LRIP,Option 1 Report,2019-08-05,1.1.1.1.1.1.12,,,
12345,Cerberus Vehicle,Cerberus LRIP,Option 1 Report,2019-08-05,1.1.1.1.1.1.13,,,
12345,Cerberus Vehicle,Cerberus LRIP,Option 1 Report,2019-08-05,1.1.1.1.1.1.14,,,
12345,Cerberus Vehicle,Cerberus LRIP,Option 1 Report,2019-08-05,1.1.1.1.1.1.15,,,
12345,Cerberus Vehicle,Cerberus LRIP,Option 1 Report,2019-08-05,1.1.1.1.1.1.16,,,
12345,Cerberus Vehicle,Cerberus LRIP,Option 1 Report,2019-08-05,1.1.1.1.1.1.17,,,
12345,Cerberus Vehicle,Cerberus LRIP,Option 1 Report,2019-08-05,1.1.1.1.1.1.18,,,
12345,Cerberus Vehicle,Cerberus LRIP,Option 1 Report,2019-08-05,1.1.1.1.1.1.2,,,
12345,Cerberus Vehicle,Cerberus LRIP,Option 1 Report,2019-08-05,1.1.1.1.1.1.3,,,
12345,Cerberus Vehicle,Cerberus LRIP,Option 1 Report,2019-08-05,1.1.1.1.1.1.4,,,
12345,Cerberus Vehicle,Cerberus LRIP,Option 1 Report,2019-08-05,1.1.1.1.1.1.5,,,
12345,Cerberus Vehicle,Cerberus LRIP,Option 1 Report,2019-08-05,1.1.1.1.1.1.6,,,
12345,Cerberus Vehicle,Cerberus LRIP,Option 1 Report,2019-08-05,1.1.1.1.1.1.7,,,
12345,Cerberus Vehicle,Cerberus LRIP,Option 1 Report,2019-08-05,1.1.1.1.1.1.8,,,
12345,Cerberus Vehicle,Cerberus LRIP,Option 1 Report,2019-08-05,1.1.1.1.1.1.9,,,
12345,Cerberus Vehicle,Cerberus LRIP,Option 1 Report,2019-08-05,1.1.1.1.1.2,,,
12345,Cerberus Vehicle,Cerberus LRIP,Option 1 Report,2019-08-05,1.1.1.1.1.2.1,,,
12345,Cerberus Vehicle,Cerberus LRIP,Option 1 Report,2019-08-05,1.1.1.1.1.2.10,,,
12345,Cerberus Vehicle,Cerberus LRIP,Option 1 Report,2019-08-05,1.1.1.1.1.2.11,,,
12345,Cerberus Vehicle,Cerberus LRIP,Option 1 Report,2019-08-05,1.1.1.1.1.2.12,,,
12345,Cerberus Vehicle,Cerberus LRIP,Option 1 Report,2019-08-05,1.1.1.1.1.2.13,,,
12345,Cerberus Vehicle,Cerberus LRIP,Option 1 Report,2019-08-05,1.1.1.1.1.2.14,,,
12345,Cerberus Vehicle,Cerberus LRIP,Option 1 Report,2019-08-05,1.1.1.1.1.2.15,,,
12345,Cerberus Vehicle,Cerberus LRIP,Option 1 Report,2019-08-05,1.1.1.1.1.2.16,,,
12345,Cerberus Vehicle,Cerberus LRIP,Option 1 Report,2019-08-05,1.1.1.1.1.2.17,,,
12345,Cerberus Vehicle,Cerberus LRIP,Option 1 Report,2019-08-05,1.1.1.1.1.2.18,,,
12345,Cerberus Vehicle,Cerberus LRIP,Option 1 Report,2019-08-05,1.1.1.1.1.2.2,,,
12345,Cerberus Vehicle,Cerberus LRIP,Option 1 Report,2019-08-05,1.1.1.1.1.2.3,,,
12345,Cerberus Vehicle,Cerberus LRIP,Option 1 Report,2019-08-05,1.1.1.1.1.2.4,,,
12345,Cerberus Vehicle,Cerberus LRIP,Option 1 Report,2019-08-05,1.1.1.1.1.2.5,,,
12345,Cerberus Vehicle,Cerberus LRIP,Option 1 Report,2019-08-05,1.1.1.1.1.2.6,,,
12345,Cerberus Vehicle,Cerberus LRIP,Option 1 Report,2019-08-05,1.1.1.1.1.2.7,,,
12345,Cerberus Vehicle,Cerberus LRIP,Option 1 Report,2019-08-05,1.1.1.1.1.2.8,,,
12345,Cerberus Vehicle,Cerberus LRIP,Option 1 Report,2019-08-05,1.1.1.1.1.2.9,,,
12345,Cerberus Vehicle,Cerberus LRIP,Option 1 Report,2019-08-05,1.1.1.1.2,,,
12345,Cerberus Vehicle,Cerberus LRIP,Option 1 Report,2019-08-05,1.1.1.1.2.1,,,
12345,Cerberus Vehicle,Cerberus LRIP,Option 1 Report,2019-08-05,1.1.1.1.2.1.1,,,
12345,Cerberus Vehicle,Cerberus LRIP,Option 1 Report,2019-08-05,1.1.1.1.2.1.10,,,
12345,Cerberus Vehicle,Cerberus LRIP,Option 1 Report,2019-08-05,1.1.1.1.2.1.11,,,
12345,Cerberus Vehicle,Cerberus LRIP,Option 1 Report,2019-08-05,1.1.1.1.2.1.12,,,
12345,Cerberus Vehicle,Cerberus LRIP,Option 1 Report,2019-08-05,1.1.1.1.2.1.13,,,
12345,Cerberus Vehicle,Cerberus LRIP,Option 1 Report,2019-08-05,1.1.1.1.2.1.14,,,
12345,Cerberus Vehicle,Cerberus LRIP,Option 1 Report,2019-08-05,1.1.1.1.2.1.15,,,
12345,Cerberus Vehicle,Cerberus LRIP,Option 1 Report,2019-08-05,1.1.1.1.2.1.16,,,
12345,Cerberus Vehicle,Cerberus LRIP,Option 1 Report,2019-08-05,1.1.1.1.2.1.17,,,
12345,Cerberus Vehicle,Cerberus LRIP,Option 1 Report,2019-08-05,1.1.1.1.2.1.18,,,
12345,Cerberus Vehicle,Cerberus LRIP,Option 1 Report,2019-08-05,1.1.1.1.2.1.2,,,
12345,Cerberus Vehicle,Cerberus LRIP,Option 1 Report,2019-08-05,1.1.1.1.2.1.3,,,
12345,Cerberus Vehicle,Cerberus LRIP,Option 1 Report,2019-08-05,1.1.1.1.2.1.4,,,
12345,Cerberus Vehicle,Cerberus LRIP,Option 1 Report,2019-08-05,1.1.1.1.2.1.5,,,
12345,Cerberus Vehicle,Cerberus LRIP,Option 1 Report,2019-08-05,1.1.1.1.2.1.6,,,
12345,Cerberus Vehicle,Cerberus LRIP,Option 1 Report,2019-08-05,1.1.1.1.2.1.7,,,
12345,Cerberus Vehicle,Cerberus LRIP,Option 1 Report,2019-08-05,1.1.1.1.2.1.8,,,
12345,Cerberus Vehicle,Cerberus LRIP,Option 1 Report,2019-08-05,1.1.1.1.2.1.9,,,
12345,Cerberus Vehicle,Cerberus LRIP,Option 1 Report,2019-08-05,1.1.1.10,,,
12345,Cerberus Vehicle,Cerberus LRIP,Option 1 Report,2019-08-05,1.1.1.11,,,
12345,Cerberus Vehicle,Cerberus LRIP,Option 1 Report,2019-08-05,1.1.1.11.1,,,
12345,Cerberus Vehicle,Cerberus LRIP,Option 1 Report,2019-08-05,1.1.1.11.2,,,
12345,Cerberus Vehicle,Cerberus LRIP,Option 1 Report,2019-08-05,1.1.1.11.3,,,
12345,Cerberus Vehicle,Cerberus LRIP,Option 1 Report,2019-08-05,1.1.1.12,,,
12345,Cerberus Vehicle,Cerberus LRIP,Option 1 Report,2019-08-05,1.1.1.2,,,
12345,Cerberus Vehicle,Cerberus LRIP,Option 1 Report,2019-08-05,1.1.1.2.1,,,
12345,Cerberus Vehicle,Cerberus LRIP,Option 1 Report,2019-08-05,1.1.1.2.1.1,,,
12345,Cerberus Vehicle,Cerberus LRIP,Option 1 Report,2019-08-05,1.1.1.2.1.1.1,,,
12345,Cerberus Vehicle,Cerberus LRIP,Option 1 Report,2019-08-05,1.1.1.2.1.1.10,,,
12345,Cerberus Vehicle,Cerberus LRIP,Option 1 Report,2019-08-05,1.1.1.2.1.1.11,,,
12345,Cerberus Vehicle,Cerberus LRIP,Option 1 Report,2019-08-05,1.1.1.2.1.1.12,,,
12345,Cerberus Vehicle,Cerberus LRIP,Option 1 Report,2019-08-05,1.1.1.2.1.1.13,,,
12345,Cerberus Vehicle,Cerberus LRIP,Option 1 Report,2019-08-05,1.1.1.2.1.1.14,,,
12345,Cerberus Vehicle,Cerberus LRIP,Option 1 Report,2019-08-05,1.1.1.2.1.1.15,,,
12345,Cerberus Vehicle,Cerberus LRIP,Option 1 Report,2019-08-05,1.1.1.2.1.1.16,,,
12345,Cerberus Vehicle,Cerberus LRIP,Option 1 Report,2019-08-05,1.1.1.2.1.1.17,,,
12345,Cerberus Vehicle,Cerberus LRIP,Option 1 Report,2019-08-05,1.1.1.2.1.1.18,,,
12345,Cerberus Vehicle,Cerberus LRIP,Option 1 Report,2019-08-05,1.1.1.2.1.1.2,,,
12345,Cerberus Vehicle,Cerberus LRIP,Option 1 Report,2019-08-05,1.1.1.2.1.1.3,,,
12345,Cerberus Vehicle,Cerberus LRIP,Option 1 Report,2019-08-05,1.1.1.2.1.1.4,,,
12345,Cerberus Vehicle,Cerberus LRIP,Option 1 Report,2019-08-05,1.1.1.2.1.1.5,,,
12345,Cerberus Vehicle,Cerberus LRIP,Option 1 Report,2019-08-05,1.1.1.2.1.1.6,,,
12345,Cerberus Vehicle,Cerberus LRIP,Option 1 Report,2019-08-05,1.1.1.2.1.1.7,,,
12345,Cerberus Vehicle,Cerberus LRIP,Option 1 Report,2019-08-05,1.1.1.2.1.1.8,,,
12345,Cerberus Vehicle,Cerberus LRIP,Option 1 Report,2019-08-05,1.1.1.2.1.1.9,,,
12345,Cerberus Vehicle,Cerberus LRIP,Option 1 Report,2019-08-05,1.1.1.3,,,
12345,Cerberus Vehicle,Cerberus LRIP,Option 1 Report,2019-08-05,1.1.1.3.1,,,
12345,Cerberus Vehicle,Cerberus LRIP,Option 1 Report,2019-08-05,1.1.1.3.1.1,,,
12345,Cerberus Vehicle,Cerberus LRIP,Option 1 Report,2019-08-05,1.1.1.3.1.2,,,
12345,Cerberus Vehicle,Cerberus LRIP,Option 1 Report,2019-08-05,1.1.1.3.2,,,
12345,Cerberus Vehicle,Cerberus LRIP,Option 1 Report,2019-08-05,1.1.1.3.3,,,
12345,Cerberus Vehicle,Cerberus LRIP,Option 1 Report,2019-08-05,1.1.1.4,,,
12345,Cerberus Vehicle,Cerberus LRIP,Option 1 Report,2019-08-05,1.1.1.5,,,
12345,Cerberus Vehicle,Cerberus LRIP,Option 1 Report,2019-08-05,1.1.1.6,,,
12345,Cerberus Vehicle,Cerberus LRIP,Option 1 Report,2019-08-05,1.1.1.7,,,
12345,Cerberus Vehicle,Cerberus LRIP,Option 1 Report,2019-08-05,1.1.1.7.1,,,
12345,Cerberus Vehicle,Cerberus LRIP,Option 1 Report,2019-08-05,1.1.1.7.2,,,
12345,Cerberus Vehicle,Cerberus LRIP,Option 1 Report,2019-08-05,1.1.1.7.3,,,
12345,Cerberus Vehicle,Cerberus LRIP,Option 1 Report,2019-08-05,1.1.1.7.4,,,
12345,Cerberus Vehicle,Cerberus LRIP,Option 1 Report,2019-08-05,1.1.1.7.5,,,
12345,Cerberus Vehicle,Cerberus LRIP,Option 1 Report,2019-08-05,1.1.1.8,,,
12345,Cerberus Vehicle,Cerberus LRIP,Option 1 Report,2019-08-05,1.1.1.9,,,
12345,Cerberus Vehicle,Cerberus LRIP,Option 1 Report,2019-08-05,1.1.2,,,
12345,Cerberus Vehicle,Cerberus LRIP,Option 1 Report,2019-08-05,1.1.2.1,,,
12345,Cerberus Vehicle,Cerberus LRIP,Option 1 Report,2019-08-05,1.1.2.1.1,,,
12345,Cerberus Vehicle,Cerberus LRIP,Option 1 Report,2019-08-05,1.1.2.2,,,
12345,Cerberus Vehicle,Cerberus LRIP,Option 1 Report,2019-08-05,1.1.2.2.1,,,
12345,Cerberus Vehicle,Cerberus LRIP,Option 1 Report,2019-08-05,1.1.2.2.1.1,,,
12345,Cerberus Vehicle,Cerberus LRIP,Option 1 Report,2019-08-05,1.1.2.2.1.1.1,,,
12345,Cerberus Vehicle,Cerberus LRIP,Option 1 Report,2019-08-05,1.1.2.2.1.1.1.1,,,
12345,Cerberus Vehicle,Cerberus LRIP,Option 1 Report,2019-08-05,1.1.2.2.1.1.1.1.1,,,
12345,Cerberus Vehicle,Cerberus LRIP,Option 1 Report,2019-08-05,1.1.2.2.1.1.1.1.2,,,
12345,Cerberus Vehicle,Cerberus LRIP,Option 1 Report,2019-08-05,1.1.2.2.1.1.1.2,,,
12345,Cerberus Vehicle,Cerberus LRIP,Option 1 Report,2019-08-05,1.1.2.2.1.1.1.2.1,,,
12345,Cerberus Vehicle,Cerberus LRIP,Option 1 Report,2019-08-05,1.1.2.2.1.1.2,,,
12345,Cerberus Vehicle,Cerberus LRIP,Option 1 Report,2019-08-05,1.1.2.2.1.1.2.1,,,
12345,Cerberus Vehicle,Cerberus LRIP,Option 1 Report,2019-08-05,1.1.2.2.1.1.2.1.1,,,
12345,Cerberus Vehicle,Cerberus LRIP,Option 1 Report,2019-08-05,1.1.2.2.1.2,,,
12345,Cerberus Vehicle,Cerberus LRIP,Option 1 Report,2019-08-05,1.1.2.2.1.2.1,,,
12345,Cerberus Vehicle,Cerberus LRIP,Option 1 Report,2019-08-05,1.1.2.2.1.2.1.1,,,
12345,Cerberus Vehicle,Cerberus LRIP,Option 1 Report,2019-08-05,1.1.2.2.1.2.1.1.1,,,
12345,Cerberus Vehicle,Cerberus LRIP,Option 1 Report,2019-08-05,1.1.2.2.1.2.1.1.2,,,
12345,Cerberus Vehicle,Cerberus LRIP,Option 1 Report,2019-08-05,1.1.2.2.1.2.1.2,,,
12345,Cerberus Vehicle,Cerberus LRIP,Option 1 Report,2019-08-05,1.1.2.2.1.2.1.2.1,,,
12345,Cerberus Vehicle,Cerberus LRIP,Option 1 Report,2019-08-05,1.1.2.2.1.2.2,,,
12345,Cerberus Vehicle,Cerberus LRIP,Option 1 Report,2019-08-05,1.1.2.2.1.2.2.1,,,
12345,Cerberus Vehicle,Cerberus LRIP,Option 1 Report,2019-08-05,1.1.2.2.1.2.2.1.1,,,
12345,Cerberus Vehicle,Cerberus LRIP,Option 1 Report,2019-08-05,1.1.2.2.2,,,
12345,Cerberus Vehicle,Cerberus LRIP,Option 1 Report,2019-08-05,1.1.2.2.3,,,
12345,Cerberus Vehicle,Cerberus LRIP,Option 1 Report,2019-08-05,1.1.2.2.3.1,,,
12345,Cerberus Vehicle,Cerberus LRIP,Option 1 Report,2019-08-05,1.1.2.2.3.1.1,,,
12345,Cerberus Vehicle,Cerberus LRIP,Option 1 Report,2019-08-05,1.1.2.2.3.1.1.1,,,
12345,Cerberus Vehicle,Cerberus LRIP,Option 1 Report,2019-08-05,1.1.2.2.3.1.1.1.1,,,
12345,Cerberus Vehicle,Cerberus LRIP,Option 1 Report,2019-08-05,1.1.2.2.3.1.1.1.2,,,
12345,Cerberus Vehicle,Cerberus LRIP,Option 1 Report,2019-08-05,1.1.2.2.3.1.1.2,,,
12345,Cerberus Vehicle,Cerberus LRIP,Option 1 Report,2019-08-05,1.1.2.2.3.1.1.2.1,,,
12345,Cerberus Vehicle,Cerberus LRIP,Option 1 Report,2019-08-05,1.1.2.2.3.1.2,,,
12345,Cerberus Vehicle,Cerberus LRIP,Option 1 Report,2019-08-05,1.1.2.2.3.1.2.1,,,
12345,Cerberus Vehicle,Cerberus LRIP,Option 1 Report,2019-08-05,1.1.2.2.3.1.2.1.1,,,
12345,Cerberus Vehicle,Cerberus LRIP,Option 1 Report,2019-08-05,1.1.2.2.3.2,,,
12345,Cerberus Vehicle,Cerberus LRIP,Option 1 Report,2019-08-05,1.1.2.2.3.2.1,,,
12345,Cerberus Vehicle,Cerberus LRIP,Option 1 Report,2019-08-05,1.1.2.2.3.2.1.1,,,
12345,Cerberus Vehicle,Cerberus LRIP,Option 1 Report,2019-08-05,1.1.2.2.3.2.1.1.1,,,
12345,Cerberus Vehicle,Cerberus LRIP,Option 1 Report,2019-08-05,1.1.2.2.3.2.1.1.2,,,
12345,Cerberus Vehicle,Cerberus LRIP,Option 1 Report,2019-08-05,1.1.2.2.3.2.1.2,,,
12345,Cerberus Vehicle,Cerberus LRIP,Option 1 Report,2019-08-05,1.1.2.2.3.2.1.2.1,,,
12345,Cerberus Vehicle,Cerberus LRIP,Option 1 Report,2019-08-05,1.1.2.2.3.2.2,,,
12345,Cerberus Vehicle,Cerberus LRIP,Option 1 Report,2019-08-05,1.1.2.2.3.2.2.1,,,
12345,Cerberus Vehicle,Cerberus LRIP,Option 1 Report,2019-08-05,1.1.2.2.3.2.2.1.1,,,
12345,Cerberus Vehicle,Cerberus LRIP,Option 1 Report,2019-08-05,1.1.2.2.3.3,,,
12345,Cerberus Vehicle,Cerberus LRIP,Option 1 Report,2019-08-05,1.1.2.2.3.3.1,,,
12345,Cerberus Vehicle,Cerberus LRIP,Option 1 Report,2019-08-05,1.1.2.2.3.3.1.1,,,
12345,Cerberus Vehicle,Cerberus LRIP,Option 1 Report,2019-08-05,1.1.2.2.3.3.1.1.1,,,
12345,Cerberus Vehicle,Cerberus LRIP,Option 1 Report,2019-08-05,1.1.2.2.3.3.1.1.2,,,
12345,Cerberus Vehicle,Cerberus LRIP,Option 1 Report,2019-08-05,1.1.2.2.3.3.1.2,,,
12345,Cerberus Vehicle,Cerberus LRIP,Option 1 Report,2019-08-05,1.1.2.2.3.3.1.2.1,,,
12345,Cerberus Vehicle,Cerberus LRIP,Option 1 Report,2019-08-05,1.1.2.2.3.3.2,,,
12345,Cerberus Vehicle,Cerberus LRIP,Option 1 Report,2019-08-05,1.1.2.2.3.3.2.1,,,
12345,Cerberus Vehicle,Cerberus LRIP,Option 1 Report,2019-08-05,1.1.2.2.3.3.2.1.1,,,
12345,Cerberus Vehicle,Cerberus LRIP,Option 1 Report,2019-08-05,1.1.2.2.4,,,
12345,Cerberus Vehicle,Cerberus LRIP,Option 1 Report,2019-08-05,1.1.2.2.4.1,,,
12345,Cerberus Vehicle,Cerberus LRIP,Option 1 Report,2019-08-05,1.1.2.2.4.10,,,
12345,Cerberus Vehicle,Cerberus LRIP,Option 1 Report,2019-08-05,1.1.2.2.4.11,,,
12345,Cerberus Vehicle,Cerberus LRIP,Option 1 Report,2019-08-05,1.1.2.2.4.12,,,
12345,Cerberus Vehicle,Cerberus LRIP,Option 1 Report,2019-08-05,1.1.2.2.4.13,,,
12345,Cerberus Vehicle,Cerberus LRIP,Option 1 Report,2019-08-05,1.1.2.2.4.14,,,
12345,Cerberus Vehicle,Cerberus LRIP,Option 1 Report,2019-08-05,1.1.2.2.4.15,,,
12345,Cerberus Vehicle,Cerberus LRIP,Option 1 Report,2019-08-05,1.1.2.2.4.16,,,
12345,Cerberus Vehicle,Cerberus LRIP,Option 1 Report,2019-08-05,1.1.2.2.4.17,,,
12345,Cerberus Vehicle,Cerberus LRIP,Option 1 Report,2019-08-05,1.1.2.2.4.18,,,
12345,Cerberus Vehicle,Cerberus LRIP,Option 1 Report,2019-08-05,1.1.2.2.4.19,,,
12345,Cerberus Vehicle,Cerberus LRIP,Option 1 Report,2019-08-05,1.1.2.2.4.2,,,
12345,Cerberus Vehicle,Cerberus LRIP,Option 1 Report,2019-08-05,1.1.2.2.4.3,,,
12345,Cerberus Vehicle,Cerberus LRIP,Option 1 Report,2019-08-05,1.1.2.2.4.4,,,
12345,Cerberus Vehicle,Cerberus LRIP,Option 1 Report,2019-08-05,1.1.2.2.4.5,,,
12345,Cerberus Vehicle,Cerberus LRIP,Option 1 Report,2019-08-05,1.1.2.2.4.6,,,
12345,Cerberus Vehicle,Cerberus LRIP,Option 1 Report,2019-08-05,1.1.2.2.4.7,,,
12345,Cerberus Vehicle,Cerberus LRIP,Option 1 Report,2019-08-05,1.1.2.2.4.8,,,
12345,Cerberus Vehicle,Cerberus LRIP,Option 1 Report,2019-08-05,1.1.2.2.4.9,,,
12345,Cerberus Vehicle,Cerberus LRIP,Option 1 Report,2019-08-05,1.1.2.2.5,,,
12345,Cerberus Vehicle,Cerberus LRIP,Option 1 Report,2019-08-05,1.1.2.2.6,,,
12345,Cerberus Vehicle,Cerberus LRIP,Option 1 Report,2019-08-05,1.1.2.2.6.1,,,
12345,Cerberus Vehicle,Cerberus LRIP,Option 1 Report,2019-08-05,1.1.2.2.7,,,
12345,Cerberus Vehicle,Cerberus LRIP,Option 1 Report,2019-08-05,1.1.2.3,,,
12345,Cerberus Vehicle,Cerberus LRIP,Option 1 Report,2019-08-05,1.1.2.3.1,,,
12345,Cerberus Vehicle,Cerberus LRIP,Option 1 Report,2019-08-05,1.1.2.3.1.1,,,
12345,Cerberus Vehicle,Cerberus LRIP,Option 1 Report,2019-08-05,1.1.2.3.1.1.1,,,
12345,Cerberus Vehicle,Cerberus LRIP,Option 1 Report,2019-08-05,1.1.2.3.1.1.1.1,,,
12345,Cerberus Vehicle,Cerberus LRIP,Option 1 Report,2019-08-05,1.1.2.3.1.1.1.1.1,,,
12345,Cerberus Vehicle,Cerberus LRIP,Option 1 Report,2019-08-05,1.1.2.3.1.1.1.1.2,,,
12345,Cerberus Vehicle,Cerberus LRIP,Option 1 Report,2019-08-05,1.1.2.3.1.1.1.2,,,
12345,Cerberus Vehicle,Cerberus LRIP,Option 1 Report,2019-08-05,1.1.2.3.1.1.1.2.1,,,
12345,Cerberus Vehicle,Cerberus LRIP,Option 1 Report,2019-08-05,1.1.2.3.1.1.2,,,
12345,Cerberus Vehicle,Cerberus LRIP,Option 1 Report,2019-08-05,1.1.2.3.1.1.2.1,,,
12345,Cerberus Vehicle,Cerberus LRIP,Option 1 Report,2019-08-05,1.1.2.3.1.1.2.1.1,,,
12345,Cerberus Vehicle,Cerberus LRIP,Option 1 Report,2019-08-05,1.1.2.3.1.2,,,
12345,Cerberus Vehicle,Cerberus LRIP,Option 1 Report,2019-08-05,1.1.2.3.1.2.1,,,
12345,Cerberus Vehicle,Cerberus LRIP,Option 1 Report,2019-08-05,1.1.2.3.1.2.1.1,,,
12345,Cerberus Vehicle,Cerberus LRIP,Option 1 Report,2019-08-05,1.1.2.3.1.2.1.1.1,,,
12345,Cerberus Vehicle,Cerberus LRIP,Option 1 Report,2019-08-05,1.1.2.3.1.2.1.1.2,,,
12345,Cerberus Vehicle,Cerberus LRIP,Option 1 Report,2019-08-05,1.1.2.3.1.2.1.2,,,
12345,Cerberus Vehicle,Cerberus LRIP,Option 1 Report,2019-08-05,1.1.2.3.1.2.1.2.1,,,
12345,Cerberus Vehicle,Cerberus LRIP,Option 1 Report,2019-08-05,1.1.2.3.1.2.2,,,
12345,Cerberus Vehicle,Cerberus LRIP,Option 1 Report,2019-08-05,1.1.2.3.1.2.2.1,,,
12345,Cerberus Vehicle,Cerberus LRIP,Option 1 Report,2019-08-05,1.1.2.3.1.2.2.1.1,,,
12345,Cerberus Vehicle,Cerberus LRIP,Option 1 Report,2019-08-05,1.1.2.3.2,,,
12345,Cerberus Vehicle,Cerberus LRIP,Option 1 Report,2019-08-05,1.1.2.3.3,,,
12345,Cerberus Vehicle,Cerberus LRIP,Option 1 Report,2019-08-05,1.1.2.3.3.1,,,
12345,Cerberus Vehicle,Cerberus LRIP,Option 1 Report,2019-08-05,1.1.2.3.3.1.1,,,
12345,Cerberus Vehicle,Cerberus LRIP,Option 1 Report,2019-08-05,1.1.2.3.3.1.1.1,,,
12345,Cerberus Vehicle,Cerberus LRIP,Option 1 Report,2019-08-05,1.1.2.3.3.1.1.1.1,,,
12345,Cerberus Vehicle,Cerberus LRIP,Option 1 Report,2019-08-05,1.1.2.3.3.1.1.1.2,,,
12345,Cerberus Vehicle,Cerberus LRIP,Option 1 Report,2019-08-05,1.1.2.3.3.1.1.2,,,
12345,Cerberus Vehicle,Cerberus LRIP,Option 1 Report,2019-08-05,1.1.2.3.3.1.1.2.1,,,
12345,Cerberus Vehicle,Cerberus LRIP,Option 1 Report,2019-08-05,1.1.2.3.3.1.2,,,
12345,Cerberus Vehicle,Cerberus LRIP,Option 1 Report,2019-08-05,1.1.2.3.3.1.2.1,,,
12345,Cerberus Vehicle,Cerberus LRIP,Option 1 Report,2019-08-05,1.1.2.3.3.1.2.1.1,,,
12345,Cerberus Vehicle,Cerberus LRIP,Option 1 Report,2019-08-05,1.1.2.3.3.2,,,
12345,Cerberus Vehicle,Cerberus LRIP,Option 1 Report,2019-08-05,1.1.2.3.3.2.1,,,
12345,Cerberus Vehicle,Cerberus LRIP,Option 1 Report,2019-08-05,1.1.2.3.3.2.1.1,,,
12345,Cerberus Vehicle,Cerberus LRIP,Option 1 Report,2019-08-05,1.1.2.3.3.2.1.1.1,,,
12345,Cerberus Vehicle,Cerberus LRIP,Option 1 Report,2019-08-05,1.1.2.3.3.2.1.1.2,,,
12345,Cerberus Vehicle,Cerberus LRIP,Option 1 Report,2019-08-05,1.1.2.3.3.2.1.2,,,
12345,Cerberus Vehicle,Cerberus LRIP,Option 1 Report,2019-08-05,1.1.2.3.3.2.1.2.1,,,
12345,Cerberus Vehicle,Cerberus LRIP,Option 1 Report,2019-08-05,1.1.2.3.3.2.2,,,
12345,Cerberus Vehicle,Cerberus LRIP,Option 1 Report,2019-08-05,1.1.2.3.3.2.2.1,,,
12345,Cerberus Vehicle,Cerberus LRIP,Option 1 Report,2019-08-05,1.1.2.3.3.2.2.1.1,,,
12345,Cerberus Vehicle,Cerberus LRIP,Option 1 Report,2019-08-05,1.1.2.3.3.3,,,
12345,Cerberus Vehicle,Cerberus LRIP,Option 1 Report,2019-08-05,1.1.2.3.3.3.1,,,
12345,Cerberus Vehicle,Cerberus LRIP,Option 1 Report,2019-08-05,1.1.2.3.3.3.1.1,,,
12345,Cerberus Vehicle,Cerberus LRIP,Option 1 Report,2019-08-05,1.1.2.3.3.3.1.1.1,,,
12345,Cerberus Vehicle,Cerberus LRIP,Option 1 Report,2019-08-05,1.1.2.3.3.3.1.1.2,,,
12345,Cerberus Vehicle,Cerberus LRIP,Option 1 Report,2019-08-05,1.1.2.3.3.3.1.2,,,
12345,Cerberus Vehicle,Cerberus LRIP,Option 1 Report,2019-08-05,1.1.2.3.3.3.1.2.1,,,
12345,Cerberus Vehicle,Cerberus LRIP,Option 1 Report,2019-08-05,1.1.2.3.3.3.2,,,
12345,Cerberus Vehicle,Cerberus LRIP,Option 1 Report,2019-08-05,1.1.2.3.3.3.2.1,,,
12345,Cerberus Vehicle,Cerberus LRIP,Option 1 Report,2019-08-05,1.1.2.3.3.3.2.1.1,,,
12345,Cerberus Vehicle,Cerberus LRIP,Option 1 Report,2019-08-05,1.1.2.3.4,,,
12345,Cerberus Vehicle,Cerberus LRIP,Option 1 Report,2019-08-05,1.1.2.3.4.1,,,
12345,Cerberus Vehicle,Cerberus LRIP,Option 1 Report,2019-08-05,1.1.2.3.4.10,,,
12345,Cerberus Vehicle,Cerberus LRIP,Option 1 Report,2019-08-05,1.1.2.3.4.11,,,
12345,Cerberus Vehicle,Cerberus LRIP,Option 1 Report,2019-08-05,1.1.2.3.4.12,,,
12345,Cerberus Vehicle,Cerberus LRIP,Option 1 Report,2019-08-05,1.1.2.3.4.13,,,
12345,Cerberus Vehicle,Cerberus LRIP,Option 1 Report,2019-08-05,1.1.2.3.4.14,,,
12345,Cerberus Vehicle,Cerberus LRIP,Option 1 Report,2019-08-05,1.1.2.3.4.15,,,
12345,Cerberus Vehicle,Cerberus LRIP,Option 1 Report,2019-08-05,1.1.2.3.4.16,,,
12345,Cerberus Vehicle,Cerberus LRIP,Option 1 Report,2019-08-05,1.1.2.3.4.17,,,
12345,Cerberus Vehicle,Cerberus LRIP,Option 1 Report,2019-08-05,1.1.2.3.4.18,,,
12345,Cerberus Vehicle,Cerberus LRIP,Option 1 Report,2019-08-05,1.1.2.3.4.19,,,
12345,Cerberus Vehicle,Cerberus LRIP,Option 1 Report,2019-08-05,1.1.2.3.4.2,,,
12345,Cerberus Vehicle,Cerberus LRIP,Option 1 Report,2019-08-05,1.1.2.3.4.3,,,
12345,Cerberus Vehicle,Cerberus LRIP,Option 1 Report,2019-08-05,1.1.2.3.4.4,,,
12345,Cerberus Vehicle,Cerberus LRIP,Option 1 Report,2019-08-05,1.1.2.3.4.5,,,
12345,Cerberus Vehicle,Cerberus LRIP,Option 1 Report,2019-08-05,1.1.2.3.4.6,,,
12345,Cerberus Vehicle,Cerberus LRIP,Option 1 Report,2019-08-05,1.1.2.3.4.7,,,
12345,Cerberus Vehicle,Cerberus LRIP,Option 1 Report,2019-08-05,1.1.2.3.4.8,,,
12345,Cerberus Vehicle,Cerberus LRIP,Option 1 Report,2019-08-05,1.1.2.3.4.9,,,
12345,Cerberus Vehicle,Cerberus LRIP,Option 1 Report,2019-08-05,1.1.2.3.5,,,
12345,Cerberus Vehicle,Cerberus LRIP,Option 1 Report,2019-08-05,1.1.2.3.6,,,
12345,Cerberus Vehicle,Cerberus LRIP,Option 1 Report,2019-08-05,1.1.2.3.6.1,,,
12345,Cerberus Vehicle,Cerberus LRIP,Option 1 Report,2019-08-05,1.1.2.3.7,,,
12345,Cerberus Vehicle,Cerberus LRIP,Option 1 Report,2019-08-05,1.2,,,
12345,Cerberus Vehicle,Cerberus LRIP,Option 2 Report,2019-08-05,,,Here is a note from option 2.,
12345,Cerberus Vehicle,Cerberus LRIP,Option 2 Report,2019-08-05,1,,Here is a note from option 2 on a WBS.,
12345,Cerberus Vehicle,Cerberus LRIP,Option 2 Report,2019-08-05,1.1,,,
12345,Cerberus Vehicle,Cerberus LRIP,Option 2 Report,2019-08-05,1.1.1,,,
12345,Cerberus Vehicle,Cerberus LRIP,Option 2 Report,2019-08-05,1.1.1.1,,,
12345,Cerberus Vehicle,Cerberus LRIP,Option 2 Report,2019-08-05,1.1.1.1.1,,,
12345,Cerberus Vehicle,Cerberus LRIP,Option 2 Report,2019-08-05,1.1.1.1.1.1,,,
12345,Cerberus Vehicle,Cerberus LRIP,Option 2 Report,2019-08-05,1.1.1.1.1.1.1,,,
12345,Cerberus Vehicle,Cerberus LRIP,Option 2 Report,2019-08-05,1.1.1.1.1.1.10,,,
12345,Cerberus Vehicle,Cerberus LRIP,Option 2 Report,2019-08-05,1.1.1.1.1.1.11,,,
12345,Cerberus Vehicle,Cerberus LRIP,Option 2 Report,2019-08-05,1.1.1.1.1.1.12,,,
12345,Cerberus Vehicle,Cerberus LRIP,Option 2 Report,2019-08-05,1.1.1.1.1.1.13,,,
12345,Cerberus Vehicle,Cerberus LRIP,Option 2 Report,2019-08-05,1.1.1.1.1.1.14,,,
12345,Cerberus Vehicle,Cerberus LRIP,Option 2 Report,2019-08-05,1.1.1.1.1.1.15,,,
12345,Cerberus Vehicle,Cerberus LRIP,Option 2 Report,2019-08-05,1.1.1.1.1.1.16,,,
12345,Cerberus Vehicle,Cerberus LRIP,Option 2 Report,2019-08-05,1.1.1.1.1.1.17,,,
12345,Cerberus Vehicle,Cerberus LRIP,Option 2 Report,2019-08-05,1.1.1.1.1.1.18,,,
12345,Cerberus Vehicle,Cerberus LRIP,Option 2 Report,2019-08-05,1.1.1.1.1.1.2,,,
12345,Cerberus Vehicle,Cerberus LRIP,Option 2 Report,2019-08-05,1.1.1.1.1.1.3,,,
12345,Cerberus Vehicle,Cerberus LRIP,Option 2 Report,2019-08-05,1.1.1.1.1.1.4,,,
12345,Cerberus Vehicle,Cerberus LRIP,Option 2 Report,2019-08-05,1.1.1.1.1.1.5,,,
12345,Cerberus Vehicle,Cerberus LRIP,Option 2 Report,2019-08-05,1.1.1.1.1.1.6,,,
12345,Cerberus Vehicle,Cerberus LRIP,Option 2 Report,2019-08-05,1.1.1.1.1.1.7,,,
12345,Cerberus Vehicle,Cerberus LRIP,Option 2 Report,2019-08-05,1.1.1.1.1.1.8,,,
12345,Cerberus Vehicle,Cerberus LRIP,Option 2 Report,2019-08-05,1.1.1.1.1.1.9,,,
12345,Cerberus Vehicle,Cerberus LRIP,Option 2 Report,2019-08-05,1.1.1.1.1.2,,,
12345,Cerberus Vehicle,Cerberus LRIP,Option 2 Report,2019-08-05,1.1.1.1.1.2.1,,,
12345,Cerberus Vehicle,Cerberus LRIP,Option 2 Report,2019-08-05,1.1.1.1.1.2.10,,,
12345,Cerberus Vehicle,Cerberus LRIP,Option 2 Report,2019-08-05,1.1.1.1.1.2.11,,,
12345,Cerberus Vehicle,Cerberus LRIP,Option 2 Report,2019-08-05,1.1.1.1.1.2.12,,,
12345,Cerberus Vehicle,Cerberus LRIP,Option 2 Report,2019-08-05,1.1.1.1.1.2.13,,,
12345,Cerberus Vehicle,Cerberus LRIP,Option 2 Report,2019-08-05,1.1.1.1.1.2.14,,,
12345,Cerberus Vehicle,Cerberus LRIP,Option 2 Report,2019-08-05,1.1.1.1.1.2.15,,,
12345,Cerberus Vehicle,Cerberus LRIP,Option 2 Report,2019-08-05,1.1.1.1.1.2.16,,,
12345,Cerberus Vehicle,Cerberus LRIP,Option 2 Report,2019-08-05,1.1.1.1.1.2.17,,,
12345,Cerberus Vehicle,Cerberus LRIP,Option 2 Report,2019-08-05,1.1.1.1.1.2.18,,,
12345,Cerberus Vehicle,Cerberus LRIP,Option 2 Report,2019-08-05,1.1.1.1.1.2.2,,,
12345,Cerberus Vehicle,Cerberus LRIP,Option 2 Report,2019-08-05,1.1.1.1.1.2.3,,,
12345,Cerberus Vehicle,Cerberus LRIP,Option 2 Report,2019-08-05,1.1.1.1.1.2.4,,,
12345,Cerberus Vehicle,Cerberus LRIP,Option 2 Report,2019-08-05,1.1.1.1.1.2.5,,,
12345,Cerberus Vehicle,Cerberus LRIP,Option 2 Report,2019-08-05,1.1.1.1.1.2.6,,,
12345,Cerberus Vehicle,Cerberus LRIP,Option 2 Report,2019-08-05,1.1.1.1.1.2.7,,,
12345,Cerberus Vehicle,Cerberus LRIP,Option 2 Report,2019-08-05,1.1.1.1.1.2.8,,,
12345,Cerberus Vehicle,Cerberus LRIP,Option 2 Report,2019-08-05,1.1.1.1.1.2.9,,,
12345,Cerberus Vehicle,Cerberus LRIP,Option 2 Report,2019-08-05,1.1.1.1.2,,,
12345,Cerberus Vehicle,Cerberus LRIP,Option 2 Report,2019-08-05,1.1.1.1.2.1,,,
12345,Cerberus Vehicle,Cerberus LRIP,Option 2 Report,2019-08-05,1.1.1.1.2.1.1,,,
12345,Cerberus Vehicle,Cerberus LRIP,Option 2 Report,2019-08-05,1.1.1.1.2.1.10,,,
12345,Cerberus Vehicle,Cerberus LRIP,Option 2 Report,2019-08-05,1.1.1.1.2.1.11,,,
12345,Cerberus Vehicle,Cerberus LRIP,Option 2 Report,2019-08-05,1.1.1.1.2.1.12,,,
12345,Cerberus Vehicle,Cerberus LRIP,Option 2 Report,2019-08-05,1.1.1.1.2.1.13,,,
12345,Cerberus Vehicle,Cerberus LRIP,Option 2 Report,2019-08-05,1.1.1.1.2.1.14,,,
12345,Cerberus Vehicle,Cerberus LRIP,Option 2 Report,2019-08-05,1.1.1.1.2.1.15,,,
12345,Cerberus Vehicle,Cerberus LRIP,Option 2 Report,2019-08-05,1.1.1.1.2.1.16,,,
12345,Cerberus Vehicle,Cerberus LRIP,Option 2 Report,2019-08-05,1.1.1.1.2.1.17,,,
12345,Cerberus Vehicle,Cerberus LRIP,Option 2 Report,2019-08-05,1.1.1.1.2.1.18,,,
12345,Cerberus Vehicle,Cerberus LRIP,Option 2 Report,2019-08-05,1.1.1.1.2.1.2,,,
12345,Cerberus Vehicle,Cerberus LRIP,Option 2 Report,2019-08-05,1.1.1.1.2.1.3,,,
12345,Cerberus Vehicle,Cerberus LRIP,Option 2 Report,2019-08-05,1.1.1.1.2.1.4,,,
12345,Cerberus Vehicle,Cerberus LRIP,Option 2 Report,2019-08-05,1.1.1.1.2.1.5,,,
12345,Cerberus Vehicle,Cerberus LRIP,Option 2 Report,2019-08-05,1.1.1.1.2.1.6,,,
12345,Cerberus Vehicle,Cerberus LRIP,Option 2 Report,2019-08-05,1.1.1.1.2.1.7,,,
12345,Cerberus Vehicle,Cerberus LRIP,Option 2 Report,2019-08-05,1.1.1.1.2.1.8,,,
12345,Cerberus Vehicle,Cerberus LRIP,Option 2 Report,2019-08-05,1.1.1.1.2.1.9,,,
12345,Cerberus Vehicle,Cerberus LRIP,Option 2 Report,2019-08-05,1.1.1.10,,,
12345,Cerberus Vehicle,Cerberus LRIP,Option 2 Report,2019-08-05,1.1.1.11,,,
12345,Cerberus Vehicle,Cerberus LRIP,Option 2 Report,2019-08-05,1.1.1.11.1,,,
12345,Cerberus Vehicle,Cerberus LRIP,Option 2 Report,2019-08-05,1.1.1.11.2,,,
12345,Cerberus Vehicle,Cerberus LRIP,Option 2 Report,2019-08-05,1.1.1.11.3,,,
12345,Cerberus Vehicle,Cerberus LRIP,Option 2 Report,2019-08-05,1.1.1.12,,,
12345,Cerberus Vehicle,Cerberus LRIP,Option 2 Report,2019-08-05,1.1.1.2,,,
12345,Cerberus Vehicle,Cerberus LRIP,Option 2 Report,2019-08-05,1.1.1.2.1,,,
12345,Cerberus Vehicle,Cerberus LRIP,Option 2 Report,2019-08-05,1.1.1.2.1.1,,,
12345,Cerberus Vehicle,Cerberus LRIP,Option 2 Report,2019-08-05,1.1.1.2.1.1.1,,,
12345,Cerberus Vehicle,Cerberus LRIP,Option 2 Report,2019-08-05,1.1.1.2.1.1.10,,,
12345,Cerberus Vehicle,Cerberus LRIP,Option 2 Report,2019-08-05,1.1.1.2.1.1.11,,,
12345,Cerberus Vehicle,Cerberus LRIP,Option 2 Report,2019-08-05,1.1.1.2.1.1.12,,,
12345,Cerberus Vehicle,Cerberus LRIP,Option 2 Report,2019-08-05,1.1.1.2.1.1.13,,,
12345,Cerberus Vehicle,Cerberus LRIP,Option 2 Report,2019-08-05,1.1.1.2.1.1.14,,,
12345,Cerberus Vehicle,Cerberus LRIP,Option 2 Report,2019-08-05,1.1.1.2.1.1.15,,,
12345,Cerberus Vehicle,Cerberus LRIP,Option 2 Report,2019-08-05,1.1.1.2.1.1.16,,,
12345,Cerberus Vehicle,Cerberus LRIP,Option 2 Report,2019-08-05,1.1.1.2.1.1.17,,,
12345,Cerberus Vehicle,Cerberus LRIP,Option 2 Report,2019-08-05,1.1.1.2.1.1.18,,,
12345,Cerberus Vehicle,Cerberus LRIP,Option 2 Report,2019-08-05,1.1.1.2.1.1.2,,,
12345,Cerberus Vehicle,Cerberus LRIP,Option 2 Report,2019-08-05,1.1.1.2.1.1.3,,,
12345,Cerberus Vehicle,Cerberus LRIP,Option 2 Report,2019-08-05,1.1.1.2.1.1.4,,,
12345,Cerberus Vehicle,Cerberus LRIP,Option 2 Report,2019-08-05,1.1.1.2.1.1.5,,,
12345,Cerberus Vehicle,Cerberus LRIP,Option 2 Report,2019-08-05,1.1.1.2.1.1.6,,,
12345,Cerberus Vehicle,Cerberus LRIP,Option 2 Report,2019-08-05,1.1.1.2.1.1.7,,,
12345,Cerberus Vehicle,Cerberus LRIP,Option 2 Report,2019-08-05,1.1.1.2.1.1.8,,,
12345,Cerberus Vehicle,Cerberus LRIP,Option 2 Report,2019-08-05,1.1.1.2.1.1.9,,,
12345,Cerberus Vehicle,Cerberus LRIP,Option 2 Report,2019-08-05,1.1.1.3,,,
12345,Cerberus Vehicle,Cerberus LRIP,Option 2 Report,2019-08-05,1.1.1.3.1,,,
12345,Cerberus Vehicle,Cerberus LRIP,Option 2 Report,2019-08-05,1.1.1.3.1.1,,,
12345,Cerberus Vehicle,Cerberus LRIP,Option 2 Report,2019-08-05,1.1.1.3.1.2,,,
12345,Cerberus Vehicle,Cerberus LRIP,Option 2 Report,2019-08-05,1.1.1.3.2,,,
12345,Cerberus Vehicle,Cerberus LRIP,Option 2 Report,2019-08-05,1.1.1.3.3,,,
12345,Cerberus Vehicle,Cerberus LRIP,Option 2 Report,2019-08-05,1.1.1.4,,,
12345,Cerberus Vehicle,Cerberus LRIP,Option 2 Report,2019-08-05,1.1.1.5,,,
12345,Cerberus Vehicle,Cerberus LRIP,Option 2 Report,2019-08-05,1.1.1.6,,,
12345,Cerberus Vehicle,Cerberus LRIP,Option 2 Report,2019-08-05,1.1.1.7,,,
12345,Cerberus Vehicle,Cerberus LRIP,Option 2 Report,2019-08-05,1.1.1.7.1,,,
12345,Cerberus Vehicle,Cerberus LRIP,Option 2 Report,2019-08-05,1.1.1.7.2,,,
12345,Cerberus Vehicle,Cerberus LRIP,Option 2 Report,2019-08-05,1.1.1.7.3,,,
12345,Cerberus Vehicle,Cerberus LRIP,Option 2 Report,2019-08-05,1.1.1.7.4,,,
12345,Cerberus Vehicle,Cerberus LRIP,Option 2 Report,2019-08-05,1.1.1.7.5,,,
12345,Cerberus Vehicle,Cerberus LRIP,Option 2 Report,2019-08-05,1.1.1.8,,,
12345,Cerberus Vehicle,Cerberus LRIP,Option 2 Report,2019-08-05,1.1.1.9,,,
12345,Cerberus Vehicle,Cerberus LRIP,Option 2 Report,2019-08-05,1.1.2,,,
12345,Cerberus Vehicle,Cerberus LRIP,Option 2 Report,2019-08-05,1.1.2.1,,,
12345,Cerberus Vehicle,Cerberus LRIP,Option 2 Report,2019-08-05,1.1.2.1.1,,,
12345,Cerberus Vehicle,Cerberus LRIP,Option 2 Report,2019-08-05,1.1.2.2,,,
12345,Cerberus Vehicle,Cerberus LRIP,Option 2 Report,2019-08-05,1.1.2.2.1,,,
12345,Cerberus Vehicle,Cerberus LRIP,Option 2 Report,2019-08-05,1.1.2.2.1.1,,,
12345,Cerberus Vehicle,Cerberus LRIP,Option 2 Report,2019-08-05,1.1.2.2.1.1.1,,,
12345,Cerberus Vehicle,Cerberus LRIP,Option 2 Report,2019-08-05,1.1.2.2.1.1.1.1,,,
12345,Cerberus Vehicle,Cerberus LRIP,Option 2 Report,2019-08-05,1.1.2.2.1.1.1.1.1,,,
12345,Cerberus Vehicle,Cerberus LRIP,Option 2 Report,2019-08-05,1.1.2.2.1.1.1.1.2,,,
12345,Cerberus Vehicle,Cerberus LRIP,Option 2 Report,2019-08-05,1.1.2.2.1.1.1.2,,,
12345,Cerberus Vehicle,Cerberus LRIP,Option 2 Report,2019-08-05,1.1.2.2.1.1.1.2.1,,,
12345,Cerberus Vehicle,Cerberus LRIP,Option 2 Report,2019-08-05,1.1.2.2.1.1.2,,,
12345,Cerberus Vehicle,Cerberus LRIP,Option 2 Report,2019-08-05,1.1.2.2.1.1.2.1,,,
12345,Cerberus Vehicle,Cerberus LRIP,Option 2 Report,2019-08-05,1.1.2.2.1.1.2.1.1,,,
12345,Cerberus Vehicle,Cerberus LRIP,Option 2 Report,2019-08-05,1.1.2.2.1.2,,,
12345,Cerberus Vehicle,Cerberus LRIP,Option 2 Report,2019-08-05,1.1.2.2.1.2.1,,,
12345,Cerberus Vehicle,Cerberus LRIP,Option 2 Report,2019-08-05,1.1.2.2.1.2.1.1,,,
12345,Cerberus Vehicle,Cerberus LRIP,Option 2 Report,2019-08-05,1.1.2.2.1.2.1.1.1,,,
12345,Cerberus Vehicle,Cerberus LRIP,Option 2 Report,2019-08-05,1.1.2.2.1.2.1.1.2,,,
12345,Cerberus Vehicle,Cerberus LRIP,Option 2 Report,2019-08-05,1.1.2.2.1.2.1.2,,,
12345,Cerberus Vehicle,Cerberus LRIP,Option 2 Report,2019-08-05,1.1.2.2.1.2.1.2.1,,,
12345,Cerberus Vehicle,Cerberus LRIP,Option 2 Report,2019-08-05,1.1.2.2.1.2.2,,,
12345,Cerberus Vehicle,Cerberus LRIP,Option 2 Report,2019-08-05,1.1.2.2.1.2.2.1,,,
12345,Cerberus Vehicle,Cerberus LRIP,Option 2 Report,2019-08-05,1.1.2.2.1.2.2.1.1,,,
12345,Cerberus Vehicle,Cerberus LRIP,Option 2 Report,2019-08-05,1.1.2.2.2,,,
12345,Cerberus Vehicle,Cerberus LRIP,Option 2 Report,2019-08-05,1.1.2.2.3,,,
12345,Cerberus Vehicle,Cerberus LRIP,Option 2 Report,2019-08-05,1.1.2.2.3.1,,,
12345,Cerberus Vehicle,Cerberus LRIP,Option 2 Report,2019-08-05,1.1.2.2.3.1.1,,,
12345,Cerberus Vehicle,Cerberus LRIP,Option 2 Report,2019-08-05,1.1.2.2.3.1.1.1,,,
12345,Cerberus Vehicle,Cerberus LRIP,Option 2 Report,2019-08-05,1.1.2.2.3.1.1.1.1,,,
12345,Cerberus Vehicle,Cerberus LRIP,Option 2 Report,2019-08-05,1.1.2.2.3.1.1.1.2,,,
12345,Cerberus Vehicle,Cerberus LRIP,Option 2 Report,2019-08-05,1.1.2.2.3.1.1.2,,,
12345,Cerberus Vehicle,Cerberus LRIP,Option 2 Report,2019-08-05,1.1.2.2.3.1.1.2.1,,,
12345,Cerberus Vehicle,Cerberus LRIP,Option 2 Report,2019-08-05,1.1.2.2.3.1.2,,,
12345,Cerberus Vehicle,Cerberus LRIP,Option 2 Report,2019-08-05,1.1.2.2.3.1.2.1,,,
12345,Cerberus Vehicle,Cerberus LRIP,Option 2 Report,2019-08-05,1.1.2.2.3.1.2.1.1,,,
12345,Cerberus Vehicle,Cerberus LRIP,Option 2 Report,2019-08-05,1.1.2.2.3.2,,,
12345,Cerberus Vehicle,Cerberus LRIP,Option 2 Report,2019-08-05,1.1.2.2.3.2.1,,,
12345,Cerberus Vehicle,Cerberus LRIP,Option 2 Report,2019-08-05,1.1.2.2.3.2.1.1,,,
12345,Cerberus Vehicle,Cerberus LRIP,Option 2 Report,2019-08-05,1.1.2.2.3.2.1.1.1,,,
12345,Cerberus Vehicle,Cerberus LRIP,Option 2 Report,2019-08-05,1.1.2.2.3.2.1.1.2,,,
12345,Cerberus Vehicle,Cerberus LRIP,Option 2 Report,2019-08-05,1.1.2.2.3.2.1.2,,,
12345,Cerberus Vehicle,Cerberus LRIP,Option 2 Report,2019-08-05,1.1.2.2.3.2.1.2.1,,,
12345,Cerberus Vehicle,Cerberus LRIP,Option 2 Report,2019-08-05,1.1.2.2.3.2.2,,,
12345,Cerberus Vehicle,Cerberus LRIP,Option 2 Report,2019-08-05,1.1.2.2.3.2.2.1,,,
12345,Cerberus Vehicle,Cerberus LRIP,Option 2 Report,2019-08-05,1.1.2.2.3.2.2.1.1,,,
12345,Cerberus Vehicle,Cerberus LRIP,Option 2 Report,2019-08-05,1.1.2.2.3.3,,,
12345,Cerberus Vehicle,Cerberus LRIP,Option 2 Report,2019-08-05,1.1.2.2.3.3.1,,,
12345,Cerberus Vehicle,Cerberus LRIP,Option 2 Report,2019-08-05,1.1.2.2.3.3.1.1,,,
12345,Cerberus Vehicle,Cerberus LRIP,Option 2 Report,2019-08-05,1.1.2.2.3.3.1.1.1,,,
12345,Cerberus Vehicle,Cerberus LRIP,Option 2 Report,2019-08-05,1.1.2.2.3.3.1.1.2,,,
12345,Cerberus Vehicle,Cerberus LRIP,Option 2 Report,2019-08-05,1.1.2.2.3.3.1.2,,,
12345,Cerberus Vehicle,Cerberus LRIP,Option 2 Report,2019-08-05,1.1.2.2.3.3.1.2.1,,,
12345,Cerberus Vehicle,Cerberus LRIP,Option 2 Report,2019-08-05,1.1.2.2.3.3.2,,,
12345,Cerberus Vehicle,Cerberus LRIP,Option 2 Report,2019-08-05,1.1.2.2.3.3.2.1,,,
12345,Cerberus Vehicle,Cerberus LRIP,Option 2 Report,2019-08-05,1.1.2.2.3.3.2.1.1,,,
12345,Cerberus Vehicle,Cerberus LRIP,Option 2 Report,2019-08-05,1.1.2.2.4,,,
12345,Cerberus Vehicle,Cerberus LRIP,Option 2 Report,2019-08-05,1.1.2.2.4.1,,,
12345,Cerberus Vehicle,Cerberus LRIP,Option 2 Report,2019-08-05,1.1.2.2.4.10,,,
12345,Cerberus Vehicle,Cerberus LRIP,Option 2 Report,2019-08-05,1.1.2.2.4.11,,,
12345,Cerberus Vehicle,Cerberus LRIP,Option 2 Report,2019-08-05,1.1.2.2.4.12,,,
12345,Cerberus Vehicle,Cerberus LRIP,Option 2 Report,2019-08-05,1.1.2.2.4.13,,,
12345,Cerberus Vehicle,Cerberus LRIP,Option 2 Report,2019-08-05,1.1.2.2.4.14,,,
12345,Cerberus Vehicle,Cerberus LRIP,Option 2 Report,2019-08-05,1.1.2.2.4.15,,,
12345,Cerberus Vehicle,Cerberus LRIP,Option 2 Report,2019-08-05,1.1.2.2.4.16,,,
12345,Cerberus Vehicle,Cerberus LRIP,Option 2 Report,2019-08-05,1.1.2.2.4.17,,,
12345,Cerberus Vehicle,Cerberus LRIP,Option 2 Report,2019-08-05,1.1.2.2.4.18,,,
12345,Cerberus Vehicle,Cerberus LRIP,Option 2 Report,2019-08-05,1.1.2.2.4.19,,,
12345,Cerberus Vehicle,Cerberus LRIP,Option 2 Report,2019-08-05,1.1.2.2.4.2,,,
12345,Cerberus Vehicle,Cerberus LRIP,Option 2 Report,2019-08-05,1.1.2.2.4.3,,,
12345,Cerberus Vehicle,Cerberus LRIP,Option 2 Report,2019-08-05,1.1.2.2.4.4,,,
12345,Cerberus Vehicle,Cerberus LRIP,Option 2 Report,2019-08-05,1.1.2.2.4.5,,,
12345,Cerberus Vehicle,Cerberus LRIP,Option 2 Report,2019-08-05,1.1.2.2.4.6,,,
12345,Cerberus Vehicle,Cerberus LRIP,Option 2 Report,2019-08-05,1.1.2.2.4.7,,,
12345,Cerberus Vehicle,Cerberus LRIP,Option 2 Report,2019-08-05,1.1.2.2.4.8,,,
12345,Cerberus Vehicle,Cerberus LRIP,Option 2 Report,2019-08-05,1.1.2.2.4.9,,,
12345,Cerberus Vehicle,Cerberus LRIP,Option 2 Report,2019-08-05,1.1.2.2.5,,,
12345,Cerberus Vehicle,Cerberus LRIP,Option 2 Report,2019-08-05,1.1.2.2.6,,,
12345,Cerberus Vehicle,Cerberus LRIP,Option 2 Report,2019-08-05,1.1.2.2.6.1,,,
12345,Cerberus Vehicle,Cerberus LRIP,Option 2 Report,2019-08-05,1.1.2.2.7,,,
12345,Cerberus Vehicle,Cerberus LRIP,Option 2 Report,2019-08-05,1.1.2.3,,,
12345,Cerberus Vehicle,Cerberus LRIP,Option 2 Report,2019-08-05,1.1.2.3.1,,,
12345,Cerberus Vehicle,Cerberus LRIP,Option 2 Report,2019-08-05,1.1.2.3.1.1,,,
12345,Cerberus Vehicle,Cerberus LRIP,Option 2 Report,2019-08-05,1.1.2.3.1.1.1,,,
12345,Cerberus Vehicle,Cerberus LRIP,Option 2 Report,2019-08-05,1.1.2.3.1.1.1.1,,,
12345,Cerberus Vehicle,Cerberus LRIP,Option 2 Report,2019-08-05,1.1.2.3.1.1.1.1.1,,,
12345,Cerberus Vehicle,Cerberus LRIP,Option 2 Report,2019-08-05,1.1.2.3.1.1.1.1.2,,,
12345,Cerberus Vehicle,Cerberus LRIP,Option 2 Report,2019-08-05,1.1.2.3.1.1.1.2,,,
12345,Cerberus Vehicle,Cerberus LRIP,Option 2 Report,2019-08-05,1.1.2.3.1.1.1.2.1,,,
12345,Cerberus Vehicle,Cerberus LRIP,Option 2 Report,2019-08-05,1.1.2.3.1.1.2,,,
12345,Cerberus Vehicle,Cerberus LRIP,Option 2 Report,2019-08-05,1.1.2.3.1.1.2.1,,,
12345,Cerberus Vehicle,Cerberus LRIP,Option 2 Report,2019-08-05,1.1.2.3.1.1.2.1.1,,,
12345,Cerberus Vehicle,Cerberus LRIP,Option 2 Report,2019-08-05,1.1.2.3.1.2,,,
12345,Cerberus Vehicle,Cerberus LRIP,Option 2 Report,2019-08-05,1.1.2.3.1.2.1,,,
12345,Cerberus Vehicle,Cerberus LRIP,Option 2 Report,2019-08-05,1.1.2.3.1.2.1.1,,,
12345,Cerberus Vehicle,Cerberus LRIP,Option 2 Report,2019-08-05,1.1.2.3.1.2.1.1.1,,,
12345,Cerberus Vehicle,Cerberus LRIP,Option 2 Report,2019-08-05,1.1.2.3.1.2.1.1.2,,,
12345,Cerberus Vehicle,Cerberus LRIP,Option 2 Report,2019-08-05,1.1.2.3.1.2.1.2,,,
12345,Cerberus Vehicle,Cerberus LRIP,Option 2 Report,2019-08-05,1.1.2.3.1.2.1.2.1,,,
12345,Cerberus Vehicle,Cerberus LRIP,Option 2 Report,2019-08-05,1.1.2.3.1.2.2,,,
12345,Cerberus Vehicle,Cerberus LRIP,Option 2 Report,2019-08-05,1.1.2.3.1.2.2.1,,,
12345,Cerberus Vehicle,Cerberus LRIP,Option 2 Report,2019-08-05,1.1.2.3.1.2.2.1.1,,,
12345,Cerberus Vehicle,Cerberus LRIP,Option 2 Report,2019-08-05,1.1.2.3.2,,,
12345,Cerberus Vehicle,Cerberus LRIP,Option 2 Report,2019-08-05,1.1.2.3.3,,,
12345,Cerberus Vehicle,Cerberus LRIP,Option 2 Report,2019-08-05,1.1.2.3.3.1,,,
12345,Cerberus Vehicle,Cerberus LRIP,Option 2 Report,2019-08-05,1.1.2.3.3.1.1,,,
12345,Cerberus Vehicle,Cerberus LRIP,Option 2 Report,2019-08-05,1.1.2.3.3.1.1.1,,,
12345,Cerberus Vehicle,Cerberus LRIP,Option 2 Report,2019-08-05,1.1.2.3.3.1.1.1.1,,,
12345,Cerberus Vehicle,Cerberus LRIP,Option 2 Report,2019-08-05,1.1.2.3.3.1.1.1.2,,,
12345,Cerberus Vehicle,Cerberus LRIP,Option 2 Report,2019-08-05,1.1.2.3.3.1.1.2,,,
12345,Cerberus Vehicle,Cerberus LRIP,Option 2 Report,2019-08-05,1.1.2.3.3.1.1.2.1,,,
12345,Cerberus Vehicle,Cerberus LRIP,Option 2 Report,2019-08-05,1.1.2.3.3.1.2,,,
12345,Cerberus Vehicle,Cerberus LRIP,Option 2 Report,2019-08-05,1.1.2.3.3.1.2.1,,,
12345,Cerberus Vehicle,Cerberus LRIP,Option 2 Report,2019-08-05,1.1.2.3.3.1.2.1.1,,,
12345,Cerberus Vehicle,Cerberus LRIP,Option 2 Report,2019-08-05,1.1.2.3.3.2,,,
12345,Cerberus Vehicle,Cerberus LRIP,Option 2 Report,2019-08-05,1.1.2.3.3.2.1,,,
12345,Cerberus Vehicle,Cerberus LRIP,Option 2 Report,2019-08-05,1.1.2.3.3.2.1.1,,,
12345,Cerberus Vehicle,Cerberus LRIP,Option 2 Report,2019-08-05,1.1.2.3.3.2.1.1.1,,,
12345,Cerberus Vehicle,Cerberus LRIP,Option 2 Report,2019-08-05,1.1.2.3.3.2.1.1.2,,,
12345,Cerberus Vehicle,Cerberus LRIP,Option 2 Report,2019-08-05,1.1.2.3.3.2.1.2,,,
12345,Cerberus Vehicle,Cerberus LRIP,Option 2 Report,2019-08-05,1.1.2.3.3.2.1.2.1,,,
12345,Cerberus Vehicle,Cerberus LRIP,Option 2 Report,2019-08-05,1.1.2.3.3.2.2,,,
12345,Cerberus Vehicle,Cerberus LRIP,Option 2 Report,2019-08-05,1.1.2.3.3.2.2.1,,,
12345,Cerberus Vehicle,Cerberus LRIP,Option 2 Report,2019-08-05,1.1.2.3.3.2.2.1.1,,,
12345,Cerberus Vehicle,Cerberus LRIP,Option 2 Report,2019-08-05,1.1.2.3.3.3,,,
12345,Cerberus Vehicle,Cerberus LRIP,Option 2 Report,2019-08-05,1.1.2.3.3.3.1,,,
12345,Cerberus Vehicle,Cerberus LRIP,Option 2 Report,2019-08-05,1.1.2.3.3.3.1.1,,,
12345,Cerberus Vehicle,Cerberus LRIP,Option 2 Report,2019-08-05,1.1.2.3.3.3.1.1.1,,,
12345,Cerberus Vehicle,Cerberus LRIP,Option 2 Report,2019-08-05,1.1.2.3.3.3.1.1.2,,,
12345,Cerberus Vehicle,Cerberus LRIP,Option 2 Report,2019-08-05,1.1.2.3.3.3.1.2,,,
12345,Cerberus Vehicle,Cerberus LRIP,Option 2 Report,2019-08-05,1.1.2.3.3.3.1.2.1,,,
12345,Cerberus Vehicle,Cerberus LRIP,Option 2 Report,2019-08-05,1.1.2.3.3.3.2,,,
12345,Cerberus Vehicle,Cerberus LRIP,Option 2 Report,2019-08-05,1.1.2.3.3.3.2.1,,,
12345,Cerberus Vehicle,Cerberus LRIP,Option 2 Report,2019-08-05,1.1.2.3.3.3.2.1.1,,,
12345,Cerberus Vehicle,Cerberus LRIP,Option 2 Report,2019-08-05,1.1.2.3.4,,,
12345,Cerberus Vehicle,Cerberus LRIP,Option 2 Report,2019-08-05,1.1.2.3.4.1,,,
12345,Cerberus Vehicle,Cerberus LRIP,Option 2 Report,2019-08-05,1.1.2.3.4.10,,,
12345,Cerberus Vehicle,Cerberus LRIP,Option 2 Report,2019-08-05,1.1.2.3.4.11,,,
12345,Cerberus Vehicle,Cerberus LRIP,Option 2 Report,2019-08-05,1.1.2.3.4.12,,,
12345,Cerberus Vehicle,Cerberus LRIP,Option 2 Report,2019-08-05,1.1.2.3.4.13,,,
12345,Cerberus Vehicle,Cerberus LRIP,Option 2 Report,2019-08-05,1.1.2.3.4.14,,,
12345,Cerberus Vehicle,Cerberus LRIP,Option 2 Report,2019-08-05,1.1.2.3.4.15,,,
12345,Cerberus Vehicle,Cerberus LRIP,Option 2 Report,2019-08-05,1.1.2.3.4.16,,,
12345,Cerberus Vehicle,Cerberus LRIP,Option 2 Report,2019-08-05,1.1.2.3.4.17,,,
12345,Cerberus Vehicle,Cerberus LRIP,Option 2 Report,2019-08-05,1.1.2.3.4.18,,,
12345,Cerberus Vehicle,Cerberus LRIP,Option 2 Report,2019-08-05,1.1.2.3.4.19,,,
12345,Cerberus Vehicle,Cerberus LRIP,Option 2 Report,2019-08-05,1.1.2.3.4.2,,,
12345,Cerberus Vehicle,Cerberus LRIP,Option 2 Report,2019-08-05,1.1.2.3.4.3,,,
12345,Cerberus Vehicle,Cerberus LRIP,Option 2 Report,2019-08-05,1.1.2.3.4.4,,,
12345,Cerberus Vehicle,Cerberus LRIP,Option 2 Report,2019-08-05,1.1.2.3.4.5,,,
12345,Cerberus Vehicle,Cerberus LRIP,Option 2 Report,2019-08-05,1.1.2.3.4.6,,,
12345,Cerberus Vehicle,Cerberus LRIP,Option 2 Report,2019-08-05,1.1.2.3.4.7,,,
12345,Cerberus Vehicle,Cerberus LRIP,Option 2 Report,2019-08-05,1.1.2.3.4.8,,,
12345,Cerberus Vehicle,Cerberus LRIP,Option 2 Report,2019-08-05,1.1.2.3.4.9,,,
12345,Cerberus Vehicle,Cerberus LRIP,Option 2 Report,2019-08-05,1.1.2.3.5,,,
12345,Cerberus Vehicle,Cerberus LRIP,Option 2 Report,2019-08-05,1.1.2.3.6,,,
12345,Cerberus Vehicle,Cerberus LRIP,Option 2 Report,2019-08-05,1.1.2.3.6.1,,,
12345,Cerberus Vehicle,Cerberus LRIP,Option 2 Report,2019-08-05,1.1.2.3.7,,,
12345,Cerberus Vehicle,Cerberus LRIP,Option 2 Report,2019-08-05,1.2,,,
